,Book Name,Rating,Price,Availaible
0,A Light in the ...,3,Â£51.77,In stock
1,Tipping the Velvet,1,Â£53.74,In stock
2,Soumission,1,Â£50.10,In stock
3,Sharp Objects,4,Â£47.82,In stock
4,Sapiens: A Brief History ...,5,Â£54.23,In stock
5,The Requiem Red,1,Â£22.65,In stock
6,The Dirty Little Secrets ...,4,Â£33.34,In stock
7,The Coming Woman: A ...,3,Â£17.93,In stock
8,The Boys in the ...,4,Â£22.60,In stock
9,The Black Maria,1,Â£52.15,In stock
10,Starving Hearts (Triangular Trade ...,2,Â£13.99,In stock
11,Shakespeare's Sonnets,4,Â£20.66,In stock
12,Set Me Free,5,Â£17.46,In stock
13,Scott Pilgrim's Precious Little ...,5,Â£52.29,In stock
14,Rip it Up and ...,5,Â£35.02,In stock
15,Our Band Could Be ...,3,Â£57.25,In stock
16,Olio,1,Â£23.88,In stock
17,Mesaerion: The Best Science ...,1,Â£37.59,In stock
18,Libertarianism for Beginners,2,Â£51.33,In stock
19,It's Only the Himalayas,2,Â£45.17,In stock
20,A Light in the ...,3,Â£51.77,In stock
21,Tipping the Velvet,1,Â£53.74,In stock
22,Soumission,1,Â£50.10,In stock
23,Sharp Objects,4,Â£47.82,In stock
24,Sapiens: A Brief History ...,5,Â£54.23,In stock
25,The Requiem Red,1,Â£22.65,In stock
26,The Dirty Little Secrets ...,4,Â£33.34,In stock
27,The Coming Woman: A ...,3,Â£17.93,In stock
28,The Boys in the ...,4,Â£22.60,In stock
29,The Black Maria,1,Â£52.15,In stock
30,Starving Hearts (Triangular Trade ...,2,Â£13.99,In stock
31,Shakespeare's Sonnets,4,Â£20.66,In stock
32,Set Me Free,5,Â£17.46,In stock
33,Scott Pilgrim's Precious Little ...,5,Â£52.29,In stock
34,Rip it Up and ...,5,Â£35.02,In stock
35,Our Band Could Be ...,3,Â£57.25,In stock
36,Olio,1,Â£23.88,In stock
37,Mesaerion: The Best Science ...,1,Â£37.59,In stock
38,Libertarianism for Beginners,2,Â£51.33,In stock
39,It's Only the Himalayas,2,Â£45.17,In stock
40,In Her Wake,1,Â£12.84,In stock
41,How Music Works,2,Â£37.32,In stock
42,Foolproof Preserving: A Guide ...,3,Â£30.52,In stock
43,Chase Me (Paris Nights ...,5,Â£25.27,In stock
44,Black Dust,5,Â£34.53,In stock
45,Birdsong: A Story in ...,3,Â£54.64,In stock
46,America's Cradle of Quarterbacks: ...,3,Â£22.50,In stock
47,Aladdin and His Wonderful ...,3,Â£53.13,In stock
48,Worlds Elsewhere: Journeys Around ...,5,Â£40.30,In stock
49,Wall and Piece,4,Â£44.18,In stock
50,The Four Agreements: A ...,5,Â£17.66,In stock
51,The Five Love Languages: ...,3,Â£31.05,In stock
52,The Elephant Tree,5,Â£23.82,In stock
53,The Bear and the ...,1,Â£36.89,In stock
54,Sophie's World,5,Â£15.94,In stock
55,Penny Maybe,3,Â£33.29,In stock
56,Maude (1883-1993):She Grew Up ...,2,Â£18.02,In stock
57,"In a Dark, Dark ...",1,Â£19.63,In stock
58,Behind Closed Doors,4,Â£52.22,In stock
59,You can't bury them ...,2,Â£33.63,In stock
60,Slow States of Collapse: ...,3,Â£57.31,In stock
61,Reasons to Stay Alive,2,Â£26.41,In stock
62,Private Paris (Private #10),5,Â£47.61,In stock
63,#HigherSelfie: Wake Up Your ...,5,Â£23.11,In stock
64,Without Borders (Wanderlove #1),2,Â£45.07,In stock
65,When We Collided,1,Â£31.77,In stock
66,"We Love You, Charlie ...",5,Â£50.27,In stock
67,Untitled Collection: Sabbath Poems ...,4,Â£14.27,In stock
68,Unseen City: The Majesty ...,4,Â£44.18,In stock
69,Unicorn Tracks,3,Â£18.78,In stock
70,Unbound: How Eight Technologies ...,1,Â£25.52,In stock
71,Tsubasa: WoRLD CHRoNiCLE 2 ...,1,Â£16.28,In stock
72,Throwing Rocks at the ...,3,Â£31.12,In stock
73,This One Summer,4,Â£19.49,In stock
74,Thirst,5,Â£17.27,In stock
75,The Torch Is Passed: ...,1,Â£19.09,In stock
76,The Secret of Dreadwillow ...,1,Â£56.13,In stock
77,The Pioneer Woman Cooks: ...,1,Â£56.41,In stock
78,The Past Never Ends,4,Â£56.50,In stock
79,The Natural History of ...,3,Â£45.22,In stock
80,The Nameless City (The ...,4,Â£38.16,In stock
81,The Murder That Never ...,3,Â£54.11,In stock
82,The Most Perfect Thing: ...,4,Â£42.96,In stock
83,The Mindfulness and Acceptance ...,4,Â£23.89,In stock
84,The Life-Changing Magic of ...,3,Â£16.77,In stock
85,The Inefficiency Assassin: Time ...,5,Â£20.59,In stock
86,The Gutsy Girl: Escapades ...,1,Â£37.13,In stock
87,The Electric Pencil: Drawings ...,1,Â£56.06,In stock
88,The Death of Humanity: ...,4,Â£58.11,In stock
89,The Bulletproof Diet: Lose ...,3,Â£49.05,In stock
90,The Art Forger,3,Â£40.76,In stock
91,The Age of Genius: ...,1,Â£19.73,In stock
92,The Activist's Tao Te ...,5,Â£32.24,In stock
93,Spark Joy: An Illustrated ...,4,Â£41.83,In stock
94,Soul Reader,2,Â£39.58,In stock
95,Security,2,Â£39.25,In stock
96,"Saga, Volume 6 (Saga ...",3,Â£25.02,In stock
97,"Saga, Volume 5 (Saga ...",2,Â£51.04,In stock
98,Reskilling America: Learning to ...,2,Â£19.83,In stock
99,"Rat Queens, Vol. 3: ...",3,Â£50.40,In stock
100,"Princess Jellyfish 2-in-1 Omnibus, ...",5,Â£13.61,In stock
101,Princess Between Worlds (Wide-Awake ...,5,Â£13.34,In stock
102,"Pop Gun War, Volume ...",1,Â£18.97,In stock
103,"Political Suicide: Missteps, Peccadilloes, ...",2,Â£36.28,In stock
104,Patience,3,Â£10.16,In stock
105,"Outcast, Vol. 1: A ...",4,Â£15.44,In stock
106,orange: The Complete Collection ...,1,Â£48.41,In stock
107,Online Marketing for Busy ...,1,Â£46.35,In stock
108,On a Midnight Clear,3,Â£14.07,In stock
109,Obsidian (Lux #1),2,Â£14.86,In stock
110,My Paris Kitchen: Recipes ...,2,Â£33.37,In stock
111,Masks and Shadows,2,Â£56.40,In stock
112,Mama Tried: Traditional Italian ...,4,Â£14.02,In stock
113,"Lumberjanes, Vol. 2: Friendship ...",2,Â£46.91,In stock
114,"Lumberjanes, Vol. 1: Beware ...",3,Â£45.61,In stock
115,Lumberjanes Vol. 3: A ...,2,Â£19.92,In stock
116,"Layered: Baking, Building, and ...",1,Â£40.11,In stock
117,Judo: Seven Steps to ...,2,Â£53.90,In stock
118,Join,5,Â£35.67,In stock
119,In the Country We ...,4,Â£22.00,In stock
120,Immunity: How Elie Metchnikoff ...,5,Â£57.36,In stock
121,"I Hate Fairyland, Vol. ...",2,Â£29.17,In stock
122,I am a Hero ...,3,Â£54.63,In stock
123,How to Be Miserable: ...,1,Â£46.03,In stock
124,Her Backup Boyfriend (The ...,1,Â£33.97,In stock
125,"Giant Days, Vol. 2 ...",2,Â£22.11,In stock
126,Forever and Forever: The ...,3,Â£29.69,In stock
127,First and First (Five ...,4,Â£15.97,In stock
128,Fifty Shades Darker (Fifty ...,1,Â£21.96,In stock
129,Everydata: The Misinformation Hidden ...,2,Â£54.35,In stock
130,Don't Be a Jerk: ...,2,Â£37.97,In stock
131,Danganronpa Volume 1,4,Â£51.99,In stock
132,Crown of Midnight (Throne ...,3,Â£43.29,In stock
133,"Codename Baboushka, Volume 1: ...",4,Â£36.72,In stock
134,Camp Midnight,4,Â£17.08,In stock
135,Call the Nurse: True ...,5,Â£29.14,In stock
136,Burning,3,Â£28.81,In stock
137,Bossypants,2,Â£49.46,In stock
138,"Bitch Planet, Vol. 1: ...",2,Â£37.92,In stock
139,Avatar: The Last Airbender: ...,2,Â£28.09,In stock
140,Algorithms to Live By: ...,1,Â£30.81,In stock
141,A World of Flavor: ...,1,Â£42.95,In stock
142,"A Piece of Sky, ...",5,Â£56.76,In stock
143,A Murder in Time,1,Â£16.64,In stock
144,A Flight of Arrows ...,5,Â£55.53,In stock
145,A Fierce and Subtle ...,4,Â£28.13,In stock
146,A Court of Thorns ...,1,Â£52.37,In stock
147,(Un)Qualified: How God Uses ...,5,Â£54.00,In stock
148,You Are What You ...,4,Â£21.87,In stock
149,William Shakespeare's Star Wars: ...,4,Â£43.30,In stock
150,Tuesday Nights in 1980,2,Â£21.04,In stock
151,Tracing Numbers on a ...,3,Â£41.60,In stock
152,Throne of Glass (Throne ...,3,Â£35.07,In stock
153,Thomas Jefferson and the ...,1,Â£59.64,In stock
154,Thirteen Reasons Why,1,Â£52.72,In stock
155,The White Cat and ...,4,Â£58.08,In stock
156,The Wedding Dress,1,Â£24.12,In stock
157,The Vacationers,4,Â£42.15,In stock
158,The Third Wave: An ...,5,Â£12.61,In stock
159,The Stranger,4,Â£17.44,In stock
160,The Shadow Hero (The ...,1,Â£33.14,In stock
161,The Secret (The Secret ...,4,Â£27.37,In stock
162,The Regional Office Is ...,5,Â£51.36,In stock
163,The Psychopath Test: A ...,2,Â£36.00,In stock
164,The Project,1,Â£10.65,In stock
165,The Power of Now: ...,2,Â£43.54,In stock
166,The Omnivore's Dilemma: A ...,2,Â£38.21,In stock
167,The Nerdy Nummies Cookbook: ...,5,Â£37.34,In stock
168,The Murder of Roger ...,4,Â£44.10,In stock
169,The Mistake (Off-Campus #2),3,Â£43.29,In stock
170,The Matchmaker's Playbook (Wingmen ...,1,Â£55.85,In stock
171,The Love and Lemons ...,2,Â£37.60,In stock
172,The Long Shadow of ...,1,Â£10.97,In stock
173,The Kite Runner,4,Â£41.82,In stock
174,The House by the ...,1,Â£36.95,In stock
175,The Glittering Court (The ...,1,Â£44.28,In stock
176,The Girl on the ...,2,Â£55.02,In stock
177,The Genius of Birds,1,Â£17.24,In stock
178,The Emerald Mystery,2,Â£23.15,In stock
179,The Cookies & Cups ...,1,Â£41.25,In stock
180,The Bridge to Consciousness: ...,3,Â£32.00,In stock
181,The Artist's Way: A ...,5,Â£38.49,In stock
182,The Art of War,5,Â£33.34,In stock
183,The Argonauts,2,Â£10.93,In stock
184,The 10% Entrepreneur: Live ...,3,Â£27.55,In stock
185,Suddenly in Love (Lake ...,2,Â£55.99,In stock
186,Something More Than This,4,Â£16.24,In stock
187,Soft Apocalypse,2,Â£26.12,In stock
188,So You've Been Publicly ...,2,Â£12.23,In stock
189,Shoe Dog: A Memoir ...,2,Â£23.99,In stock
190,"Shobu Samurai, Project Aryoku ...",3,Â£29.06,In stock
191,Secrets and Lace (Fatal ...,1,Â£20.27,In stock
192,Scarlett Epstein Hates It ...,5,Â£43.55,In stock
193,Romero and Juliet: A ...,1,Â£36.94,In stock
194,Redeeming Love,5,Â£20.47,In stock
195,Poses for Artists Volume ...,1,Â£41.06,In stock
196,Poems That Make Grown ...,4,Â£14.19,In stock
197,"Nightingale, Sing",1,Â£38.28,In stock
198,Night Sky with Exit ...,1,Â£41.05,In stock
199,Mrs. Houdini,5,Â£30.25,In stock
200,Modern Romance,5,Â£28.26,In stock
201,Miss Peregrineâs Home for ...,1,Â£10.76,In stock
202,Louisa: The Extraordinary Life ...,2,Â£16.85,In stock
203,Little Red,3,Â£13.47,In stock
204,Library of Souls (Miss ...,5,Â£48.56,In stock
205,Large Print Heart of ...,2,Â£19.15,In stock
206,I Had a Nice ...,4,Â£57.36,In stock
207,Hollow City (Miss Peregrineâs ...,1,Â£42.98,In stock
208,Grumbles,2,Â£22.16,In stock
209,Full Moon over Noahâs ...,4,Â£49.43,In stock
210,Frostbite (Vampire Academy #2),5,Â£29.99,In stock
211,Follow You Home,1,Â£21.36,In stock
212,First Steps for New ...,1,Â£29.00,In stock
213,Finders Keepers (Bill Hodges ...,5,Â£53.53,In stock
214,"Fables, Vol. 1: Legends ...",4,Â£41.62,In stock
215,Eureka Trivia 6.0,4,Â£54.59,In stock
216,Drive: The Surprising Truth ...,4,Â£34.95,In stock
217,Done Rubbed Out (Reightman ...,5,Â£37.72,In stock
218,Doing It Over (Most ...,3,Â£35.61,In stock
219,Deliciously Ella Every Day: ...,3,Â£42.16,In stock
220,Dark Notes,5,Â£19.19,In stock
221,Daring Greatly: How the ...,3,Â£19.43,In stock
222,Close to You,4,Â£49.46,In stock
223,Chasing Heaven: What Dying ...,2,Â£37.80,In stock
224,Big Magic: Creative Living ...,3,Â£30.80,In stock
225,Becoming Wise: An Inquiry ...,2,Â£27.43,In stock
226,Beauty Restored (Riley Family ...,2,Â£11.11,In stock
227,Batman: The Long Halloween ...,2,Â£36.50,In stock
228,Batman: The Dark Knight ...,5,Â£15.38,In stock
229,Ayumi's Violin,2,Â£15.48,In stock
230,Anonymous,4,Â£46.82,In stock
231,Amy Meets the Saints ...,3,Â£18.46,In stock
232,Amid the Chaos,1,Â£36.58,In stock
233,Amatus,5,Â£50.54,In stock
234,Agnostic: A Spirited Manifesto,5,Â£12.51,In stock
235,Zealot: The Life and ...,3,Â£24.70,In stock
236,You (You #1),5,Â£43.61,In stock
237,"Wonder Woman: Earth One, ...",4,Â£37.34,In stock
238,Wild Swans,2,Â£14.36,In stock
239,Why the Right Went ...,4,Â£52.65,In stock
240,Whole Lotta Creativity Going ...,4,Â£38.20,In stock
241,What's It Like in ...,2,Â£19.60,In stock
242,"We Are Robin, Vol. ...",1,Â£53.90,In stock
243,Walt Disney's Alice in ...,5,Â£12.96,In stock
244,V for Vendetta (V ...,4,Â£37.10,In stock
245,Until Friday Night (The ...,2,Â£46.31,In stock
246,Unbroken: A World War ...,2,Â£45.95,In stock
247,Twenty Yawns,2,Â£22.08,In stock
248,Through the Woods,2,Â£25.38,In stock
249,This Is Where It ...,2,Â£27.12,In stock
250,The Year of Magical ...,2,Â£43.04,In stock
251,The Wright Brothers,4,Â£56.80,In stock
252,The White Queen (The ...,5,Â£25.91,In stock
253,The Wedding Pact (The ...,3,Â£32.61,In stock
254,The Time Keeper,5,Â£27.88,In stock
255,The Testament of Mary,4,Â£52.67,In stock
256,The Star-Touched Queen,5,Â£46.02,In stock
257,The Songs of the ...,5,Â£44.48,In stock
258,The Song of Achilles,5,Â£37.40,In stock
259,The Rosie Project (Don ...,1,Â£54.04,In stock
260,The Power of Habit: ...,3,Â£16.88,In stock
261,The Marriage of Opposites,4,Â£28.08,In stock
262,The Lucifer Effect: Understanding ...,1,Â£10.40,In stock
263,The Long Haul (Diary ...,1,Â£44.07,In stock
264,The Loney,1,Â£23.40,In stock
265,The Literature Book (Big ...,3,Â£17.43,In stock
266,The Last Mile (Amos ...,2,Â£54.21,In stock
267,The Immortal Life of ...,2,Â£40.67,In stock
268,The Hidden Oracle (The ...,2,Â£52.26,In stock
269,The Help Yourself Cookbook ...,3,Â£28.77,In stock
270,The Guilty (Will Robie ...,2,Â£13.82,In stock
271,The First Hostage (J.B. ...,3,Â£25.85,In stock
272,The Dovekeepers,1,Â£48.78,In stock
273,The Darkest Lie,5,Â£35.35,In stock
274,The Bane Chronicles (The ...,4,Â£44.73,In stock
275,The Bad-Ass Librarians of ...,1,Â£15.77,In stock
276,The 14th Colony (Cotton ...,1,Â£39.24,In stock
277,That Darkness (Gardiner and ...,1,Â£13.92,In stock
278,Tastes Like Fear (DI ...,1,Â£10.69,In stock
279,Take Me with You,3,Â£45.21,In stock
280,Swell: A Year of ...,1,Â£45.58,In stock
281,Superman Vol. 1: Before ...,5,Â£11.89,In stock
282,Still Life with Bread ...,3,Â£26.41,In stock
283,Steve Jobs,5,Â£39.50,In stock
284,Sorting the Beef from ...,4,Â£44.74,In stock
285,Someone Like You (The ...,5,Â£52.79,In stock
286,"So Cute It Hurts!!, ...",4,Â£35.43,In stock
287,Shtum,4,Â£55.84,In stock
288,See America: A Celebration ...,3,Â£48.87,In stock
289,salt.,4,Â£46.78,In stock
290,Robin War,3,Â£47.82,In stock
291,"Red Hood/Arsenal, Vol. 1: ...",2,Â£25.48,In stock
292,Rain Fish,3,Â£23.57,In stock
293,Quarter Life Poetry: Poems ...,5,Â£50.89,In stock
294,Pet Sematary,3,Â£10.56,In stock
295,"Overload: How to Unplug, ...",3,Â£52.15,In stock
296,Once Was a Time,2,Â£18.28,In stock
297,Old School (Diary of ...,5,Â£11.83,In stock
298,No Dream Is Too ...,2,Â£21.95,In stock
299,"Naruto (3-in-1 Edition), Vol. ...",2,Â£38.39,In stock
300,My Name Is Lucy ...,1,Â£41.56,In stock
301,My Mrs. Brown,3,Â£24.48,In stock
302,My Kind of Crazy,1,Â£40.36,In stock
303,Mr. Mercedes (Bill Hodges ...,1,Â£28.90,In stock
304,More Than Music (Chasing ...,2,Â£37.61,In stock
305,Made to Stick: Why ...,5,Â£38.85,In stock
306,Luis Paints the World,3,Â£53.95,In stock
307,Luckiest Girl Alive,3,Â£49.83,In stock
308,Lowriders to the Center ...,2,Â£51.51,In stock
309,Love Is a Mix ...,1,Â£18.03,In stock
310,Looking for Lovely: Collecting ...,5,Â£29.14,In stock
311,Living Leadership by Insight: ...,4,Â£46.91,In stock
312,Let It Out: A ...,5,Â£26.79,In stock
313,Lady Midnight (The Dark ...,5,Â£16.28,In stock
314,"It's All Easy: Healthy, ...",1,Â£19.55,In stock
315,Island of Dragons (Unwanteds ...,1,Â£29.65,In stock
316,I Know What I'm ...,4,Â£25.98,In stock
317,I Am Pilgrim (Pilgrim ...,4,Â£10.60,In stock
318,Hyperbole and a Half: ...,5,Â£14.75,In stock
319,"Hush, Hush (Hush, Hush ...",3,Â£47.02,In stock
320,Hold Your Breath (Search ...,1,Â£28.82,In stock
321,Hamilton: The Revolution,3,Â£58.79,In stock
322,Greek Mythic History,5,Â£10.23,In stock
323,God: The Most Unpleasant ...,5,Â£30.03,In stock
324,Glory over Everything: Beyond ...,3,Â£45.84,In stock
325,Feathers: Displays of Brilliant ...,3,Â£49.05,In stock
326,Far & Away: Places ...,4,Â£15.06,In stock
327,Every Last Word,3,Â£46.47,In stock
328,Eligible (The Austen Project ...,3,Â£27.09,In stock
329,El Deafo,5,Â£57.62,In stock
330,Eight Hundred Grapes,4,Â£14.39,In stock
331,Eaternity: More than 150 ...,5,Â£51.75,In stock
332,"Eat Fat, Get Thin",2,Â£54.07,In stock
333,Don't Get Caught,1,Â£55.35,In stock
334,Doctor Sleep (The Shining ...,2,Â£40.12,In stock
335,Demigods & Magicians: Percy ...,5,Â£37.51,In stock
336,Dear Mr. Knightley,5,Â£11.21,In stock
337,Daily Fantasy Sports,1,Â£36.58,In stock
338,Crazy Love: Overwhelmed by ...,2,Â£47.72,In stock
339,Cometh the Hour (The ...,3,Â£25.01,In stock
340,Code Name Verity (Code ...,4,Â£22.13,In stock
341,Clockwork Angel (The Infernal ...,1,Â£44.14,In stock
342,City of Glass (The ...,4,Â£56.02,In stock
343,City of Fallen Angels ...,4,Â£11.23,In stock
344,City of Bones (The ...,1,Â£43.28,In stock
345,City of Ashes (The ...,1,Â£47.27,In stock
346,Cell,4,Â£20.29,In stock
347,Catching Jordan (Hundred Oaks),3,Â£50.83,In stock
348,"Carry On, Warrior: Thoughts ...",3,Â£31.85,In stock
349,Carrie,2,Â£46.23,In stock
350,Buying In: The Secret ...,4,Â£37.80,In stock
351,Brain on Fire: My ...,5,Â£49.32,In stock
352,Batman: Europa,2,Â£32.01,In stock
353,Barefoot Contessa Back to ...,1,Â£28.01,In stock
354,Barefoot Contessa at Home: ...,5,Â£50.62,In stock
355,Balloon Animals,3,Â£17.03,In stock
356,Art Ops Vol. 1,3,Â£48.80,In stock
357,Aristotle and Dante Discover ...,4,Â£58.14,In stock
358,Angels Walking (Angels Walking ...,2,Â£34.20,In stock
359,Angels & Demons (Robert ...,3,Â£51.48,In stock
360,All the Light We ...,5,Â£29.87,In stock
361,Adulthood Is a Myth: ...,2,Â£10.90,In stock
362,Abstract City,5,Â£56.37,In stock
363,A Time of Torment ...,5,Â£48.35,In stock
364,A Study in Scarlet ...,2,Â£16.73,In stock
365,A Series of Catastrophes ...,2,Â£56.48,In stock
366,A People's History of ...,2,Â£40.79,In stock
367,A Man Called Ove,1,Â£39.72,In stock
368,A Distant Mirror: The ...,3,Â£14.58,In stock
369,A Brush of Wings ...,1,Â£55.51,In stock
370,1491: New Revelations of ...,3,Â£21.80,In stock
371,"The Three Searches, Meaning, ...",3,Â£13.33,In stock
372,Searching for Meaning in ...,1,Â£38.73,In stock
373,Rook,4,Â£37.86,In stock
374,My Kitchen Year: 136 ...,2,Â£11.53,In stock
375,13 Hours: The Inside ...,1,Â£27.06,In stock
376,Will You Won't You ...,3,Â£13.86,In stock
377,Tipping Point for Planet ...,1,Â£37.55,In stock
378,The Star-Touched Queen,5,Â£32.30,In stock
379,The Silent Sister (Riley ...,5,Â£46.29,In stock
380,The Midnight Watch: A ...,1,Â£26.20,In stock
381,The Lonely City: Adventures ...,2,Â£33.26,In stock
382,The Gray Rhino: How ...,4,Â£59.15,In stock
383,The Golden Condom: And ...,1,Â£39.43,In stock
384,The Epidemic (The Program ...,5,Â£14.44,In stock
385,The Dinner Party,2,Â£56.54,In stock
386,The Diary of a ...,3,Â£59.90,In stock
387,The Children,3,Â£11.88,In stock
388,Stars Above (The Lunar ...,2,Â£48.05,In stock
389,Snatched: How A Drug ...,3,Â£21.21,In stock
390,Raspberry Pi Electronics Projects ...,4,Â£49.67,In stock
391,Quench Your Own Thirst: ...,1,Â£43.14,In stock
392,Psycho: Sanitarium (Psycho #1.5),5,Â£36.97,In stock
393,Poisonous (Max Revere Novels ...,3,Â£26.80,In stock
394,One with You (Crossfire ...,4,Â£15.71,In stock
395,No Love Allowed (Dodge ...,4,Â£54.65,In stock
396,Murder at the 42nd ...,4,Â£54.36,In stock
397,Most Wanted,3,Â£35.28,In stock
398,"Love, Lies and Spies",2,Â£20.55,In stock
399,How to Speak Golf: ...,5,Â£58.32,In stock
400,Hide Away (Eve Duncan ...,1,Â£11.84,In stock
401,Furiously Happy: A Funny ...,4,Â£41.46,In stock
402,Everyday Italian: 125 Simple ...,5,Â£20.10,In stock
403,Equal Is Unfair: America's ...,1,Â£56.86,In stock
404,Eleanor & Park,5,Â£56.51,In stock
405,Dirty (Dive Bar #1),4,Â£40.83,In stock
406,Can You Keep a ...,1,Â£48.64,In stock
407,Boar Island (Anna Pigeon ...,3,Â£59.48,In stock
408,A Paris Apartment,4,Â£39.01,In stock
409,A la Mode: 120 ...,1,Â£38.77,In stock
410,Troublemaker: Surviving Hollywood and ...,2,Â£48.39,In stock
411,The Widow,2,Â£27.26,In stock
412,The Sleep Revolution: Transforming ...,4,Â£11.68,In stock
413,The Improbability of Love,1,Â£59.45,In stock
414,The Art of Startup ...,3,Â£21.00,In stock
415,Take Me Home Tonight ...,3,Â£53.98,In stock
416,Sleeping Giants (Themis Files ...,1,Â£48.74,In stock
417,Setting the World on ...,2,Â£21.15,In stock
418,Playing with Fire,3,Â£13.71,In stock
419,Off the Hook (Fishing ...,3,Â£47.67,In stock
420,Mothering Sunday,2,Â£13.34,In stock
421,"Mother, Can You Not?",5,Â£16.89,In stock
422,M Train,1,Â£27.18,In stock
423,Lilac Girls,2,Â£17.28,In stock
424,Lies and Other Acts ...,1,Â£45.14,In stock
425,Lab Girl,1,Â£40.85,In stock
426,Keep Me Posted,4,Â£20.46,In stock
427,It Didn't Start with ...,3,Â£56.27,In stock
428,Grey (Fifty Shades #4),4,Â£48.49,In stock
429,"Exit, Pursued by a ...",4,Â£51.34,In stock
430,Daredevils,3,Â£16.34,In stock
431,Cravings: Recipes for What ...,3,Â£20.50,In stock
432,Born for This: How ...,5,Â£21.59,In stock
433,Arena,4,Â£21.36,In stock
434,Adultery,5,Â£20.88,In stock
435,A Mother's Reckoning: Living ...,3,Â£19.53,In stock
436,A Gentleman's Position (Society ...,5,Â£14.75,In stock
437,11/22/63,3,Â£48.48,In stock
438,10% Happier: How I ...,2,Â£24.57,In stock
439,10-Day Green Smoothie Cleanse: ...,5,Â£49.71,In stock
440,Without Shame,5,Â£48.27,In stock
441,Watchmen,4,Â£58.05,In stock
442,Unlimited Intuition Now,4,Â£58.87,In stock
443,Underlying Notes,2,Â£11.82,In stock
444,The Shack,1,Â£28.03,In stock
445,The New Brand You: ...,5,Â£44.05,In stock
446,The Moosewood Cookbook: Recipes ...,4,Â£12.34,In stock
447,The Flowers Lied,2,Â£16.68,In stock
448,The Fabric of the ...,1,Â£55.91,In stock
449,The Book of Mormon,3,Â£24.57,In stock
450,The Art and Science ...,5,Â£52.98,In stock
451,The Alien Club,1,Â£54.40,In stock
452,Suzie Snowflake: One beautiful ...,5,Â£54.81,In stock
453,Nap-a-Roo,1,Â£25.08,In stock
454,NaNo What Now? Finding ...,4,Â£10.41,In stock
455,Modern Day Fables,2,Â£47.44,In stock
456,If I Gave You ...,1,Â£20.91,In stock
457,"Fruits Basket, Vol. 9 ...",4,Â£33.95,In stock
458,Dress Your Family in ...,3,Â£43.68,In stock
459,Don't Forget Steven,1,Â£33.23,In stock
460,Chernobyl 01:23:40: The Incredible ...,2,Â£35.92,In stock
461,Art and Fear: Observations ...,4,Â£48.63,In stock
462,A Shard of Ice ...,3,Â£56.63,In stock
463,A Hero's Curse (The ...,3,Â£50.49,In stock
464,23 Degrees South: A ...,2,Â£35.79,In stock
465,Zero to One: Notes ...,3,Â£34.06,In stock
466,Why Not Me?,1,Â£17.76,In stock
467,When Breath Becomes Air,2,Â£39.36,In stock
468,Vagabonding: An Uncommon Guide ...,2,Â£36.94,In stock
469,The Unlikely Pilgrimage of ...,5,Â£43.62,In stock
470,The New Drawing on ...,3,Â£43.02,In stock
471,"The Midnight Assassin: Panic, ...",4,Â£28.45,In stock
472,The Martian (The Martian ...,2,Â£41.39,In stock
473,The High Mountains of ...,1,Â£51.15,In stock
474,The Grownup,1,Â£35.88,In stock
475,The E-Myth Revisited: Why ...,1,Â£36.91,In stock
476,South of Sunshine,1,Â£28.93,In stock
477,Smarter Faster Better: The ...,5,Â£38.89,In stock
478,Silence in the Dark ...,3,Â£58.33,In stock
479,Shadows of the Past ...,5,Â£39.67,In stock
480,Roller Girl,5,Â£14.10,In stock
481,Rising Strong,3,Â£21.82,In stock
482,Proofs of God: Classical ...,1,Â£54.21,In stock
483,Please Kill Me: The ...,4,Â£31.19,In stock
484,Out of Print: City ...,5,Â£53.64,In stock
485,My Life Next Door ...,5,Â£36.39,In stock
486,Miller's Valley,2,Â£58.54,In stock
487,Man's Search for Meaning,3,Â£29.48,In stock
488,Love That Boy: What ...,2,Â£25.06,In stock
489,Living Forward: A Proven ...,3,Â£12.55,In stock
490,Les Fleurs du Mal,5,Â£29.04,In stock
491,Left Behind (Left Behind ...,2,Â£40.72,In stock
492,Kill 'Em and Leave: ...,5,Â£45.05,In stock
493,Kierkegaard: A Christian Missionary ...,1,Â£47.13,In stock
494,John Vassos: Industrial Design ...,4,Â£20.22,In stock
495,I'll Give You the ...,1,Â£56.48,In stock
496,I Will Find You,1,Â£44.21,In stock
497,Hystopia: A Novel,4,Â£21.96,In stock
498,Howl and Other Poems,2,Â£40.45,In stock
499,History of Beauty,4,Â£10.29,In stock
500,Heaven is for Real: ...,2,Â£52.86,In stock
501,Future Shock (Future Shock ...,5,Â£55.65,In stock
502,Ender's Game (The Ender ...,1,Â£43.64,In stock
503,Diary of a Citizen ...,1,Â£28.41,In stock
504,Death by Leisure: A ...,4,Â£37.51,In stock
505,Brilliant Beacons: A History ...,3,Â£11.45,In stock
506,Brazen: The Courage to ...,2,Â£19.22,In stock
507,Between the World and ...,4,Â£56.91,In stock
508,Being Mortal: Medicine and ...,4,Â£55.06,In stock
509,A Murder Over a ...,3,Â£13.20,In stock
510,32 Yolks,2,Â£53.63,In stock
511,"""Most Blessed of the ...",5,Â£44.48,In stock
512,You Are a Badass: ...,3,Â£12.08,In stock
513,Wildlife of New York: ...,2,Â£22.14,In stock
514,What Happened on Beale ...,5,Â£25.37,In stock
515,Unreasonable Hope: Finding Faith ...,2,Â£46.33,In stock
516,Under the Tuscan Sun,3,Â£37.33,In stock
517,Toddlers Are A**holes: It's ...,1,Â£25.55,In stock
518,The Year of Living ...,1,Â£34.72,In stock
519,The Whale,4,Â£35.96,In stock
520,The Story of Art,4,Â£41.14,In stock
521,The Origin of Species,4,Â£10.01,In stock
522,The Great Gatsby,4,Â£36.05,In stock
523,The Good Girl,3,Â£49.03,In stock
524,The Glass Castle,1,Â£16.24,In stock
525,The Faith of Christopher ...,1,Â£39.55,In stock
526,The Drowning Girls,3,Â£35.67,In stock
527,The Constant Princess (The ...,3,Â£16.62,In stock
528,The Bourne Identity (Jason ...,4,Â£42.78,In stock
529,The Bachelor Girl's Guide ...,5,Â£52.30,In stock
530,The Art Book,2,Â£32.34,In stock
531,The 7 Habits of ...,4,Â£33.17,In stock
532,Team of Rivals: The ...,5,Â£20.12,In stock
533,Steal Like an Artist: ...,2,Â£20.90,In stock
534,"Sit, Stay, Love",3,Â£20.90,In stock
535,Sister Dear,4,Â£40.20,In stock
536,"Shrunken Treasures: Literary Classics, ...",3,Â£52.87,In stock
537,"Rich Dad, Poor Dad",1,Â£51.74,In stock
538,Raymie Nightingale,2,Â£34.41,In stock
539,Playing from the Heart,1,Â£32.38,In stock
540,Nightstruck: A Novel,4,Â£50.35,In stock
541,Naturally Lean: 125 Nourishing ...,5,Â£11.38,In stock
542,Meternity,3,Â£43.58,In stock
543,Memoirs of a Geisha,3,Â£49.67,In stock
544,Like Never Before (Walker ...,2,Â£28.77,In stock
545,Life of Pi,4,Â£13.22,In stock
546,Leave This Song Behind: ...,5,Â£51.17,In stock
547,King's Folly (The Kinsman ...,5,Â£39.61,In stock
548,John Adams,4,Â£57.43,In stock
549,How to Cook Everything ...,4,Â£46.01,In stock
550,How to Be a ...,2,Â£28.25,In stock
551,Good in Bed (Cannie ...,5,Â£37.05,In stock
552,"Fruits Basket, Vol. 7 ...",1,Â£19.57,In stock
553,For the Love: Fighting ...,3,Â£45.13,In stock
554,Finding God in the ...,2,Â£46.64,In stock
555,Every Heart a Doorway ...,5,Â£12.16,In stock
556,Delivering the Truth (Quaker ...,4,Â£20.89,In stock
557,Counted With the Stars ...,5,Â£17.97,In stock
558,"Chronicles, Vol. 1",2,Â£52.60,In stock
559,Blue Like Jazz: Nonreligious ...,1,Â£25.77,In stock
560,Benjamin Franklin: An American ...,3,Â£48.19,In stock
561,At The Existentialist CafÃ©: ...,5,Â£29.93,In stock
562,A Summer In Europe,2,Â£44.34,In stock
563,A Short History of ...,5,Â£52.40,In stock
564,A Gathering of Shadows ...,4,Â£44.81,In stock
565,The Sound Of Love,5,Â£57.84,In stock
566,The Rise and Fall ...,2,Â£39.67,In stock
567,The Perks of Being ...,3,Â£55.02,In stock
568,The Mysterious Affair at ...,4,Â£24.80,In stock
569,The Man Who Mistook ...,4,Â£59.45,In stock
570,The Makings of a ...,2,Â£31.58,In stock
571,The Joy of Cooking,4,Â£43.27,In stock
572,The Invention of Wings,1,Â£37.34,In stock
573,The Hobbit (Middle-Earth Universe),5,Â£17.80,In stock
574,The Great Railway Bazaar,1,Â£30.54,In stock
575,The Golden Compass (His ...,1,Â£18.77,In stock
576,The God Delusion,3,Â£46.85,In stock
577,The Girl You Left ...,1,Â£15.79,In stock
578,The Fellowship of the ...,2,Â£10.27,In stock
579,The Collected Poems of ...,5,Â£15.42,In stock
580,The Barefoot Contessa Cookbook,5,Â£59.92,In stock
581,Tell the Wolves I'm ...,2,Â£50.96,In stock
582,Ship Leaves Harbor: Essays ...,3,Â£30.60,In stock
583,Pride and Prejudice,4,Â£19.27,In stock
584,Musicophilia: Tales of Music ...,1,Â£46.58,In stock
585,Mere Christianity,3,Â£48.51,In stock
586,Me Before You (Me ...,1,Â£19.02,In stock
587,In the Woods (Dublin ...,2,Â£38.38,In stock
588,In Cold Blood,4,Â£49.98,In stock
589,How to Stop Worrying ...,5,Â£46.49,In stock
590,Give It Back,2,Â£18.32,In stock
591,"Girl, Interrupted",3,Â£42.14,In stock
592,Fun Home: A Family ...,4,Â£56.59,In stock
593,"Fruits Basket, Vol. 6 ...",4,Â£20.96,In stock
594,Deception Point,4,Â£40.32,In stock
595,"Death Note, Vol. 6: ...",3,Â£36.39,In stock
596,Catherine the Great: Portrait ...,4,Â£58.55,In stock
597,Better Homes and Gardens ...,3,Â£39.61,In stock
598,An Unquiet Mind: A ...,3,Â£21.30,In stock
599,A Year in Provence ...,4,Â£56.88,In stock
600,World Without End (The ...,4,Â£32.97,In stock
601,"Will Grayson, Will Grayson ...",4,Â£47.31,In stock
602,Why Save the Bankers?: ...,2,Â£48.67,In stock
603,Where She Went (If ...,4,Â£41.73,In stock
604,What If?: Serious Scientific ...,4,Â£53.68,In stock
605,Two Summers,1,Â£14.64,In stock
606,This Is Your Brain ...,1,Â£38.40,In stock
607,The Secret Garden,4,Â£15.08,In stock
608,The Raven King (The ...,2,Â£30.57,In stock
609,The Raven Boys (The ...,4,Â£57.74,In stock
610,The Power Greens Cookbook: ...,5,Â£11.05,In stock
611,The Metamorphosis,1,Â£28.58,In stock
612,The Mathews Men: Seven ...,5,Â£42.91,In stock
613,The Little Paris Bookshop,3,Â£24.73,In stock
614,The Hiding Place,4,Â£55.91,In stock
615,The Grand Design,3,Â£13.76,In stock
616,The Firm,3,Â£45.56,In stock
617,The Fault in Our ...,1,Â£47.22,In stock
618,The False Prince (The ...,5,Â£56.00,In stock
619,The Expatriates,2,Â£44.58,In stock
620,The Dream Thieves (The ...,1,Â£34.50,In stock
621,The Darkest Corners,5,Â£11.33,In stock
622,The Crossover,4,Â£38.77,In stock
623,The 5th Wave (The ...,2,Â£11.83,In stock
624,Tell the Wind and ...,3,Â£45.51,In stock
625,Tell Me Three Things,1,Â£41.81,In stock
626,Talking to Girls About ...,4,Â£25.15,In stock
627,Siddhartha,5,Â£34.22,In stock
628,Shiver (The Wolves of ...,5,Â£16.23,In stock
629,Remember Me?,3,Â£11.48,In stock
630,Red Dragon (Hannibal Lecter ...,3,Â£23.37,In stock
631,Peak: Secrets from the ...,2,Â£16.28,In stock
632,My Mother Was Nuts,4,Â£31.63,In stock
633,Mexican Today: New and ...,5,Â£24.91,In stock
634,Maybe Something Beautiful: How ...,1,Â£22.54,In stock
635,Lola and the Boy ...,4,Â£23.63,In stock
636,Logan Kade (Fallen Crest ...,2,Â£13.12,In stock
637,Last One Home (New ...,3,Â£59.98,In stock
638,Killing Floor (Jack Reacher ...,4,Â£31.49,In stock
639,Kill the Boy Band,5,Â£15.52,In stock
640,Isla and the Happily ...,5,Â£48.13,In stock
641,If I Stay (If ...,5,Â£38.13,In stock
642,I Know Why the ...,2,Â£36.55,In stock
643,Harry Potter and the ...,1,Â£23.32,In stock
644,"Fruits Basket, Vol. 5 ...",1,Â£16.33,In stock
645,Foundation (Foundation (Publication Order) ...,1,Â£32.42,In stock
646,Fool Me Once,1,Â£16.96,In stock
647,Find Her (Detective D.D. ...,1,Â£22.37,In stock
648,Evicted: Poverty and Profit ...,1,Â£42.27,In stock
649,Drama,2,Â£38.70,In stock
650,Dracula the Un-Dead,5,Â£35.63,In stock
651,Digital Fortress,5,Â£58.00,In stock
652,"Death Note, Vol. 5: ...",1,Â£52.41,In stock
653,"Data, A Love Story: ...",3,Â£32.35,In stock
654,Critique of Pure Reason,1,Â£20.75,In stock
655,Booked,5,Â£17.49,In stock
656,"Blue Lily, Lily Blue ...",5,Â£34.13,In stock
657,Approval Junkie: Adventures in ...,5,Â£58.81,In stock
658,An Abundance of Katherines,5,Â£10.00,In stock
659,America's War for the ...,2,Â£51.22,In stock
660,Alight (The Generations Trilogy ...,4,Â£58.59,In stock
661,A Girl's Guide to ...,1,Â£31.30,In stock
662,A Game of Thrones ...,2,Â£46.42,In stock
663,A Feast for Crows ...,4,Â£17.21,In stock
664,A Clash of Kings ...,3,Â£10.79,In stock
665,Vogue Colors A to ...,4,Â£52.35,In stock
666,The Shining (The Shining ...,3,Â£27.88,In stock
667,The Pilgrim's Progress,2,Â£50.26,In stock
668,The Perfect Play (Play ...,3,Â£59.99,In stock
669,The Passion of Dolssa,5,Â£28.32,In stock
670,The Jazz of Physics: ...,3,Â£38.71,In stock
671,The Hunger Games (The ...,5,Â£29.85,In stock
672,The Hound of the ...,2,Â£14.82,In stock
673,The Gunning of America: ...,4,Â£16.81,In stock
674,The Geography of Bliss: ...,2,Â£28.23,In stock
675,The Demonists (Demonist #1),2,Â£52.11,In stock
676,The Demon Prince of ...,2,Â£27.88,In stock
677,The Bone Hunters (Lexy ...,3,Â£59.71,In stock
678,The Beast (Black Dagger ...,5,Â£46.08,In stock
679,Some Women,5,Â£13.73,In stock
680,Shopaholic Ties the Knot ...,5,Â£48.39,In stock
681,Paper and Fire (The ...,5,Â£49.45,In stock
682,Outlander (Outlander #1),5,Â£19.67,In stock
683,Orchestra of Exiles: The ...,3,Â£12.36,In stock
684,No One Here Gets ...,5,Â£20.02,In stock
685,Night Shift (Night Shift ...,4,Â£12.75,In stock
686,Needful Things,4,Â£47.51,In stock
687,Mockingjay (The Hunger Games ...,4,Â£20.44,In stock
688,Misery,2,Â£34.79,In stock
689,Little Women (Little Women ...,4,Â£28.07,In stock
690,It,3,Â£25.01,In stock
691,Harry Potter and the ...,3,Â£13.90,In stock
692,Harry Potter and the ...,4,Â£24.17,In stock
693,Harry Potter and the ...,4,Â£31.63,In stock
694,Harry Potter and the ...,5,Â£48.75,In stock
695,Harry Potter and the ...,1,Â£14.74,In stock
696,Gone with the Wind,3,Â£32.49,In stock
697,God Is Not Great: ...,1,Â£27.80,In stock
698,Girl With a Pearl ...,1,Â£26.77,In stock
699,"Fruits Basket, Vol. 4 ...",4,Â£50.44,In stock
700,Far From True (Promise ...,2,Â£34.93,In stock
701,Dark Lover (Black Dagger ...,1,Â£12.87,In stock
702,Confessions of a Shopaholic ...,2,Â£48.94,In stock
703,Changing the Game (Play ...,3,Â£13.38,In stock
704,Candide,3,Â£58.63,In stock
705,Can You Keep a ...,1,Â£21.94,In stock
706,Atlas Shrugged,5,Â£26.58,In stock
707,Animal Farm,3,Â£57.22,In stock
708,A Walk to Remember,1,Â£56.43,In stock
709,A New Earth: Awakening ...,5,Â£55.65,In stock
710,A History of God: ...,1,Â£27.62,In stock
711,'Salem's Lot,4,Â£49.56,In stock
712,Zero History (Blue Ant ...,1,Â£34.77,In stock
713,Wuthering Heights,3,Â£17.73,In stock
714,World War Z: An ...,1,Â£21.80,In stock
715,Wild: From Lost to ...,3,Â£46.02,In stock
716,"Where'd You Go, Bernadette",1,Â£18.13,In stock
717,When You Are Engulfed ...,5,Â£30.89,In stock
718,We the People: The ...,3,Â£31.95,In stock
719,We Are All Completely ...,1,Â£24.04,In stock
720,Walk the Edge (Thunder ...,3,Â£32.36,In stock
721,Voyager (Outlander #3),5,Â£21.07,In stock
722,Very Good Lives: The ...,3,Â£50.66,In stock
723,Vegan Vegetarian Omnivore: Dinner ...,2,Â£13.66,In stock
724,"Unstuffed: Decluttering Your Home, ...",1,Â£58.09,In stock
725,Under the Banner of ...,1,Â£30.00,In stock
726,Two Boys Kissing,2,Â£32.74,In stock
727,Twilight (Twilight #1),2,Â£41.93,In stock
728,Twenties Girl,2,Â£42.80,In stock
729,Trespassing Across America: One ...,1,Â£53.51,In stock
730,Three-Martini Lunch,3,Â£23.21,In stock
731,"Thinking, Fast and Slow",1,Â£21.14,In stock
732,The Wild Robot,3,Â£56.07,In stock
733,The Wicked + The ...,3,Â£14.41,In stock
734,The Undomestic Goddess,4,Â£45.75,In stock
735,The Travelers,1,Â£15.77,In stock
736,The Tipping Point: How ...,2,Â£10.02,In stock
737,The Thing About Jellyfish,1,Â£48.77,In stock
738,The Stand,2,Â£57.86,In stock
739,The Smitten Kitchen Cookbook,1,Â£23.59,In stock
740,The Silkworm (Cormoran Strike ...,5,Â£23.05,In stock
741,"The Sandman, Vol. 3: ...",5,Â£55.55,In stock
742,The Rose & the ...,4,Â£58.64,In stock
743,The Road to Little ...,1,Â£23.21,In stock
744,The Rise of Theodore ...,3,Â£42.57,In stock
745,The Restaurant at the ...,1,Â£10.92,In stock
746,The Rest Is Noise: ...,1,Â£34.77,In stock
747,The Red Tent,5,Â£35.66,In stock
748,The Purpose Driven Life: ...,3,Â£37.19,In stock
749,The Purest Hook (Second ...,1,Â£12.25,In stock
750,The Picture of Dorian ...,2,Â£29.70,In stock
751,The Paris Wife,3,Â£36.80,In stock
752,The Obsession,1,Â£45.43,In stock
753,The Nightingale,4,Â£26.26,In stock
754,The New Guy (and ...,3,Â£44.92,In stock
755,The Nanny Diaries (Nanny ...,5,Â£52.53,In stock
756,The Name of God ...,2,Â£37.25,In stock
757,The Maze Runner (The ...,1,Â£20.93,In stock
758,The Lover's Dictionary,2,Â£58.09,In stock
759,The Lonely Ones,5,Â£43.59,In stock
760,The Lean Startup: How ...,3,Â£33.92,In stock
761,The Last Painting of ...,2,Â£55.55,In stock
762,"The Land of 10,000 ...",4,Â£29.64,In stock
763,The Infinities,1,Â£27.41,In stock
764,The Husband's Secret,5,Â£52.51,In stock
765,The Hitchhiker's Guide to ...,3,Â£47.80,In stock
766,The Guns of August,2,Â£14.54,In stock
767,The Guernsey Literary and ...,1,Â£49.53,In stock
768,The Goldfinch,3,Â£43.58,In stock
769,The Giver (The Giver ...,1,Â£12.30,In stock
770,The Girl with All ...,3,Â£49.47,In stock
771,The Girl Who Played ...,2,Â£22.14,In stock
772,The Girl Who Kicked ...,1,Â£57.48,In stock
773,The Exiled,3,Â£43.45,In stock
774,The End of Faith: ...,4,Â£22.13,In stock
775,"The Elegant Universe: Superstrings, ...",4,Â£13.03,In stock
776,The Disappearing Spoon: And ...,5,Â£57.35,In stock
777,The Devil Wears Prada ...,1,Â£44.29,In stock
778,The Demon-Haunted World: Science ...,4,Â£52.25,In stock
779,The Day the Crayons ...,5,Â£26.33,In stock
780,The Da Vinci Code ...,2,Â£22.96,In stock
781,The Cuckoo's Calling (Cormoran ...,1,Â£19.21,In stock
782,The Complete Stories and ...,4,Â£26.78,In stock
783,The Complete Poems,5,Â£41.32,In stock
784,The Catcher in the ...,1,Â£24.55,In stock
785,The Cat in the ...,2,Â£16.26,In stock
786,The Case for Christ ...,1,Â£47.84,In stock
787,The Book Thief,2,Â£53.49,In stock
788,The Book of Basketball: ...,5,Â£44.84,In stock
789,The Blind Side: Evolution ...,5,Â£53.71,In stock
790,The Autobiography of Malcolm ...,2,Â£23.43,In stock
791,The Art of Simple ...,3,Â£34.32,In stock
792,The Art of Fielding,1,Â£22.10,In stock
793,"Surely You're Joking, Mr. ...",2,Â£25.83,In stock
794,Stiff: The Curious Lives ...,3,Â£36.74,In stock
795,Spilled Milk: Based on ...,1,Â£49.51,In stock
796,Something Borrowed (Darcy & ...,5,Â£48.96,In stock
797,Something Blue (Darcy & ...,1,Â£54.62,In stock
798,Soldier (Talon #3),2,Â£24.72,In stock
799,Shopaholic & Baby (Shopaholic ...,2,Â£46.45,In stock
800,Seven Days in the ...,2,Â£52.33,In stock
801,Seven Brief Lessons on ...,4,Â£30.60,In stock
802,Scarlet (The Lunar Chronicles ...,4,Â£14.57,In stock
803,Sarah's Key,1,Â£46.29,In stock
804,"Saga, Volume 3 (Saga ...",5,Â£21.57,In stock
805,Running with Scissors,4,Â£12.91,In stock
806,Rogue Lawyer (Rogue Lawyer ...,3,Â£50.11,In stock
807,Rise of the Rocket ...,4,Â£41.67,In stock
808,Rework,2,Â£44.88,In stock
809,Reservations for Two,3,Â£11.10,In stock
810,Red: The True Story ...,3,Â£28.54,In stock
811,Ready Player One,4,Â£19.07,In stock
812,Quiet: The Power of ...,1,Â£43.55,In stock
813,Prodigy: The Graphic Novel ...,3,Â£43.63,In stock
814,Persepolis: The Story of ...,1,Â£39.13,In stock
815,Packing for Mars: The ...,2,Â£56.68,In stock
816,Outliers: The Story of ...,1,Â£14.16,In stock
817,Original Fake,3,Â£31.45,In stock
818,Orange Is the New ...,2,Â£24.61,In stock
819,One for the Money ...,2,Â£32.87,In stock
820,Notes from a Small ...,1,Â£40.17,In stock
821,Night (The Night Trilogy ...,1,Â£13.51,In stock
822,Neither Here nor There: ...,3,Â£38.95,In stock
823,Naked,3,Â£31.69,In stock
824,Morning Star (Red Rising ...,1,Â£29.40,In stock
825,Miracles from Heaven: A ...,1,Â£57.83,In stock
826,Midnight Riot (Peter Grant/ ...,2,Â£55.46,In stock
827,Me Talk Pretty One ...,2,Â£57.60,In stock
828,Manuscript Found in Accra,2,Â£34.98,In stock
829,Lust & Wonder,2,Â£11.87,In stock
830,Lila (Gilead #3),3,Â£12.47,In stock
831,"Life, the Universe and ...",2,Â£33.26,In stock
832,Life Without a Recipe,5,Â£59.04,In stock
833,Life After Life,2,Â£26.13,In stock
834,Letter to a Christian ...,1,Â£22.20,In stock
835,Let's Pretend This Never ...,1,Â£45.11,In stock
836,Legend (Legend #1),4,Â£43.69,In stock
837,"Lean In: Women, Work, ...",1,Â£25.02,In stock
838,Lamb: The Gospel According ...,5,Â£55.50,In stock
839,Lady Renegades (Rebel Belle ...,5,Â£53.04,In stock
840,Jurassic Park (Jurassic Park ...,1,Â£44.97,In stock
841,It's Never Too Late ...,1,Â£42.38,In stock
842,Is Everyone Hanging Out ...,3,Â£20.11,In stock
843,Into the Wild,5,Â£56.70,In stock
844,Inferno (Robert Langdon #4),5,Â£41.00,In stock
845,In the Garden of ...,3,Â£28.85,In stock
846,If I Run (If ...,4,Â£49.97,In stock
847,I've Got Your Number,1,Â£19.69,In stock
848,I Am Malala: The ...,2,Â£28.88,In stock
849,Hungry Girl Clean & ...,3,Â£33.14,In stock
850,House of Lost Worlds: ...,2,Â£43.70,In stock
851,House of Leaves,1,Â£54.89,In stock
852,Horrible Bear!,2,Â£37.52,In stock
853,Holidays on Ice,2,Â£51.07,In stock
854,Heir to the Sky,4,Â£44.07,In stock
855,Green Eggs and Ham ...,4,Â£10.79,In stock
856,"Grayson, Vol 3: Nemesis ...",1,Â£42.72,In stock
857,Gratitude,5,Â£26.66,In stock
858,Gone Girl,5,Â£37.60,In stock
859,Golden (Heart of Dread ...,4,Â£42.21,In stock
860,Girl in the Blue ...,2,Â£46.83,In stock
861,"Fruits Basket, Vol. 3 ...",2,Â£45.17,In stock
862,Friday Night Lights: A ...,3,Â£51.22,In stock
863,Fire Bound (Sea Haven/Sisters ...,4,Â£21.28,In stock
864,Fifty Shades Freed (Fifty ...,5,Â£15.36,In stock
865,Fellside,1,Â£38.62,In stock
866,Extreme Prey (Lucas Davenport ...,3,Â£25.40,In stock
867,Eragon (The Inheritance Cycle ...,3,Â£43.87,In stock
868,Eclipse (Twilight #3),1,Â£18.74,In stock
869,Dune (Dune #1),1,Â£54.86,In stock
870,Dracula,3,Â£52.62,In stock
871,Do Androids Dream of ...,1,Â£51.48,In stock
872,Disrupted: My Misadventure in ...,5,Â£15.28,In stock
873,Dead Wake: The Last ...,5,Â£39.24,In stock
874,"David and Goliath: Underdogs, ...",1,Â£17.81,In stock
875,Darkfever (Fever #1),1,Â£56.02,In stock
876,Dark Places,5,Â£23.90,In stock
877,Crazy Rich Asians (Crazy ...,5,Â£49.13,In stock
878,Counting Thyme,1,Â£10.62,In stock
879,Cosmos,2,Â£36.17,In stock
880,Civilization and Its Discontents,2,Â£59.95,In stock
881,Cinder (The Lunar Chronicles ...,1,Â£26.09,In stock
882,Catastrophic Happiness: Finding Joy ...,2,Â£37.35,In stock
883,Career of Evil (Cormoran ...,2,Â£24.72,In stock
884,Breaking Dawn (Twilight #4),5,Â£35.28,In stock
885,Brave Enough,5,Â£51.32,In stock
886,Boy Meets Boy,3,Â£21.12,In stock
887,Born to Run: A ...,2,Â£27.35,In stock
888,Blink: The Power of ...,5,Â£21.74,In stock
889,Black Flags: The Rise ...,1,Â£40.87,In stock
890,"Black Butler, Vol. 1 ...",1,Â£49.31,In stock
891,Big Little Lies,1,Â£22.11,In stock
892,Between Shades of Gray,5,Â£20.79,In stock
893,Best of My Love ...,2,Â£27.41,In stock
894,Beowulf,2,Â£38.35,In stock
895,Beautiful Creatures (Caster Chronicles ...,5,Â£21.55,In stock
896,Awkward,2,Â£38.02,In stock
897,Ash,4,Â£22.06,In stock
898,Are We There Yet?,3,Â£10.66,In stock
899,Are We Smart Enough ...,1,Â£56.58,In stock
900,Annie on My Mind,5,Â£36.83,In stock
901,And Then There Were ...,2,Â£35.01,In stock
902,A Walk in the ...,4,Â£30.48,In stock
903,A Visit from the ...,5,Â£14.08,In stock
904,A Storm of Swords ...,2,Â£31.22,In stock
905,A Heartbreaking Work of ...,5,Â£54.29,In stock
906,8 Keys to Mental ...,1,Â£31.04,In stock
907,#GIRLBOSS,1,Â£50.96,In stock
908,The Suffragettes (Little Black ...,2,Â£11.89,In stock
909,The Sense of an ...,3,Â£31.38,In stock
910,"The Sandman, Vol. 2: ...",1,Â£54.81,In stock
911,The Course of Love,3,Â£16.78,In stock
912,Sugar Rush (Offensive Line ...,1,Â£24.42,In stock
913,"Saga, Volume 2 (Saga ...",3,Â£11.75,In stock
914,"Run, Spot, Run: The ...",1,Â£20.02,In stock
915,New Moon (Twilight #2),4,Â£12.86,In stock
916,Life,5,Â£31.58,In stock
917,Kindle Paperwhite User's Guide,3,Â£34.00,In stock
918,H is for Hawk,5,Â£57.42,In stock
919,Girl Online On Tour ...,1,Â£53.47,In stock
920,"Fruits Basket, Vol. 2 ...",5,Â£11.64,In stock
921,Diary of a Minecraft ...,4,Â£52.88,In stock
922,"Y: The Last Man, ...",4,Â£18.51,In stock
923,While You Were Mine,5,Â£41.32,In stock
924,Where Lightning Strikes (Bleeding ...,3,Â£39.77,In stock
925,When I'm Gone,3,Â£51.96,In stock
926,Ways of Seeing,5,Â£39.51,In stock
927,"Vampire Knight, Vol. 1 ...",1,Â£15.40,In stock
928,Vampire Girl (Vampire Girl ...,2,Â£53.82,In stock
929,Twenty Love Poems and ...,4,Â£30.95,In stock
930,Travels with Charley: In ...,5,Â£57.82,In stock
931,Three Wishes (River of ...,2,Â£44.18,In stock
932,This One Moment (Pushing ...,1,Â£48.71,In stock
933,The Zombie Room,5,Â£19.69,In stock
934,The Wicked + The ...,2,Â£36.52,In stock
935,The Tumor,5,Â£41.56,In stock
936,The Story of Hong ...,4,Â£43.19,In stock
937,The Silent Wife,5,Â£12.34,In stock
938,The Silent Twin (Detective ...,3,Â£36.25,In stock
939,The Selfish Gene,1,Â£29.45,In stock
940,The Secret Healer,3,Â£34.56,In stock
941,"The Sandman, Vol. 1: ...",3,Â£54.12,In stock
942,The Republic,3,Â£33.78,In stock
943,The Odyssey,3,Â£29.64,In stock
944,The No. 1 Ladies' ...,4,Â£57.70,In stock
945,The Nicomachean Ethics,1,Â£36.34,In stock
946,The Name of the ...,3,Â£50.59,In stock
947,The Mirror & the ...,1,Â£29.38,In stock
948,The Little Prince,2,Â£45.42,In stock
949,The Light of the ...,1,Â£54.43,In stock
950,The Last Girl (The ...,2,Â£36.26,In stock
951,The Iliad,1,Â£16.16,In stock
952,The Hook Up (Game ...,5,Â£36.29,In stock
953,The Haters,5,Â£27.89,In stock
954,The Girl You Lost,5,Â£12.29,In stock
955,The Girl In The ...,3,Â£15.85,In stock
956,The End of the ...,1,Â£14.40,In stock
957,The Edge of Reason ...,4,Â£19.18,In stock
958,The Complete Maus (Maus ...,3,Â£10.64,In stock
959,The Communist Manifesto,3,Â£14.76,In stock
960,The Bhagavad Gita,3,Â£57.49,In stock
961,The Bette Davis Club,3,Â£30.66,In stock
962,The Art of Not ...,4,Â£40.83,In stock
963,Taking Shots (Assassins #1),2,Â£18.88,In stock
964,Starlark,3,Â£25.83,In stock
965,"Skip Beat!, Vol. 01 ...",3,Â£42.12,In stock
966,Sister Sable (The Mad ...,3,Â£13.33,In stock
967,Shatter Me (Shatter Me ...,1,Â£42.40,In stock
968,Shameless,3,Â£58.35,In stock
969,Shadow Rites (Jane Yellowrock ...,4,Â£21.72,In stock
970,Settling the Score (The ...,2,Â£44.91,In stock
971,Sense and Sensibility,1,Â£37.46,In stock
972,"Saga, Volume 1 (Saga ...",1,Â£28.48,In stock
973,"Rhythm, Chord & Malykhin",2,Â£28.34,In stock
974,"Rat Queens, Vol. 1: ...",5,Â£46.96,In stock
975,Paradise Lost (Paradise #1),1,Â£24.96,In stock
976,"Paper Girls, Vol. 1 ...",4,Â£21.71,In stock
977,Ouran High School Host ...,3,Â£29.87,In stock
978,Origins (Alphas 0.5),1,Â£28.99,In stock
979,One Second (Seven #7),2,Â£52.94,In stock
980,On the Road (Duluoz ...,3,Â£32.36,In stock
981,Old Records Never Die: ...,2,Â£55.66,In stock
982,Off Sides (Off #1),5,Â£39.45,In stock
983,Of Mice and Men,2,Â£47.11,In stock
984,Myriad (Prentor #1),4,Â£58.75,In stock
985,My Perfect Mistake (Over ...,2,Â£38.92,In stock
986,"Ms. Marvel, Vol. 1: ...",4,Â£39.39,In stock
987,Meditations,2,Â£25.89,In stock
988,Matilda,1,Â£28.34,In stock
989,Lost Among the Living,4,Â£27.70,In stock
990,Lord of the Flies,3,Â£24.89,In stock
991,Listen to Me (Fusion ...,3,Â£58.99,In stock
992,Kitchens of the Great ...,5,Â£57.20,In stock
993,Jane Eyre,5,Â£38.43,In stock
994,Imperfect Harmony,4,Â£34.74,In stock
995,Icing (Aces Hockey #2),4,Â£40.44,In stock
996,"Hawkeye, Vol. 1: My ...",3,Â£45.24,In stock
997,Having the Barbarian's Baby ...,4,Â£34.96,In stock
998,"Giant Days, Vol. 1 ...",4,Â£56.76,In stock
999,"Fruits Basket, Vol. 1 ...",5,Â£40.28,In stock
1000,Frankenstein,2,Â£38.00,In stock
1001,Forever Rockers (The Rocker ...,3,Â£28.80,In stock
1002,Fighting Fate (Fighting #6),3,Â£39.24,In stock
1003,Emma,2,Â£32.93,In stock
1004,"Eat, Pray, Love",3,Â£51.32,In stock
1005,Deep Under (Walker Security ...,5,Â£47.09,In stock
1006,Choosing Our Religion: The ...,4,Â£28.42,In stock
1007,Charlie and the Chocolate ...,3,Â£22.85,In stock
1008,Charity's Cross (Charles Towne ...,1,Â£41.24,In stock
1009,Bright Lines,5,Â£39.07,In stock
1010,Bridget Jones's Diary (Bridget ...,1,Â£29.82,In stock
1011,Bounty (Colorado Mountain #7),4,Â£37.26,In stock
1012,Blood Defense (Samantha Brinkman ...,3,Â£20.30,In stock
1013,"Bleach, Vol. 1: Strawberry ...",5,Â£34.65,In stock
1014,Beyond Good and Evil,1,Â£43.38,In stock
1015,Alice in Wonderland (Alice's ...,1,Â£55.53,In stock
1016,"Ajin: Demi-Human, Volume 1 ...",4,Â£57.06,In stock
1017,A Spy's Devotion (The ...,5,Â£16.97,In stock
1018,1st to Die (Women's ...,1,Â£53.98,In stock
1019,"1,000 Places to See ...",5,Â£26.08,In stock
